SCAF_4	17131690	36898381	ChrZ	15762332	35477103	z=1
SCAF_9	6280715	23044891	ChrW_unloc_scaf_1	2942859	20850871	z=2
SCAF_4	39059995	49859944	ChrZ	40202751	50618642	z=3
SCAF_4	6203686	15773473	ChrZ	6272920	15762218	z=4
SCAF_4	49861352	58077299	ChrZ	51861843	60457607	z=5
SCAF_4	64224727	69860316	ChrZ	60457830	66017388	z=6
SCAF_4	1114374	5614117	ChrZ	1204623	5708104	z=7
SCAF_9	28861400	32325421	ChrW_unloc_scaf_4	1	3429205	z=8
SCAF_9	35662030	38216250	ChrW_unloc_scaf_5	2	3082024	z=9
SCAF_4	58595813	61747850	ChrZ_unloc_scaf_1	32	3078449	z=10
SCAF_9	307612	3363574	ChrW_unloc_scaf_3	1660965	4676088	z=11
SCAF_4	79287847	81996206	ChrZ	69607962	72301214	z=12
SCAF_4	71354560	73383813	ChrZ	67343609	69607704	z=13
SCAF_9	27059194	28962177	ChrW_unloc_scaf_2	1627939	3487194	z=14
SCAF_9	27129583	28882352	ChrW_unloc_scaf_2	3	1674902	z=15
SCAF_9	32413581	34370574	ChrW_unloc_scaf_2	5487293	7082842	z=16
SCAF_9	24128394	25459362	ChrW_unloc_scaf_1	1580720	2937050	z=17
SCAF_9	25453445	26626026	ChrW_unloc_scaf_2	4187491	5499722	z=18
SCAF_9	5012594	6323995	ChrW_unloc_scaf_3	220045	1507621	z=19
SCAF_4	49861352	51091974	ChrZ	50618757	51860273	z=20
SCAF_4	3034	1012505	ChrZ	24	1202969	z=21
SCAF_9	27926661	29082331	ChrW_unloc_scaf_2	3329683	4368165	z=22
SCAF_4	37221623	38156918	ChrZ_unloc_scaf_2	474785	1432428	z=23
SCAF_9	4212222	5007186	ChrW_unloc_scaf_2	8423112	9289604	z=24
SCAF_4	74105052	74904031	ChrZ_unloc_scaf_1	3245504	4041936	z=25
SCAF_9	3370239	4204090	ChrW_unloc_scaf_2	7665647	8423638	z=26
SCAF_9	34816923	35419030	ChrW_unloc_scaf_1	366451	1106533	z=27
SCAF_4	61749984	62418707	ChrZ	66598813	67266974	z=28
SCAF_4	63214991	63808480	ChrZ	66017513	66592435	z=29
SCAF_4	5619424	6156638	ChrZ	5718640	6258629	z=30
SCAF_9	34349270	34819628	ChrW_unloc_scaf_1	1108717	1638179	z=31
SCAF_4	76289786	76769370	ChrZ_unloc_scaf_3	39447	541082	z=32
SCAF_9	36894848	37234604	ChrW_unloc_scaf_2	7032595	7443984	z=33
SCAF_4	39062772	39577931	ChrZ	39986651	40368216	z=34
SCAF_4	73792057	74186077	ChrZ_unloc_scaf_3	535319	912240	z=35
SCAF_4	36898628	37245949	ChrZ_unloc_scaf_2	3	343218	z=36
SCAF_9	35419078	35692259	ChrW_unloc_scaf_1	84798	366403	z=37
SCAF_4	39054970	39245874	ChrZ_unloc_scaf_2	1311071	1517776	z=38
SCAF_9	2129222	2328111	ChrW_unloc_scaf_2	7381141	7587043	z=39
SCAF_4	76101438	76304962	ChrZ_unloc_scaf_1	3081248	3273498	z=40
SCAF_4	75308383	75686291	ChrZ_unloc_scaf_3	839069	1030743	z=41
SCAF_9	12862961	12995538	ChrZ	35559167	35688587	z=42
SCAF_9	35534123	35653662	ChrW_unloc_scaf_1	42201	161546	z=43
SCAF_9	29993657	30094504	ChrZ_unloc_scaf_2	412998	514237	z=44
SCAF_9	5102016	5201299	ChrZ	39323854	39423337	z=45
SCAF_9	17571280	17669748	ChrZ	37649691	37748280	z=46
SCAF_9	12397459	12493703	ChrZ	39426943	39522692	z=47
SCAF_9	35765021	35833236	ChrW_unloc_scaf_2	7381094	7475013	z=48
SCAF_9	5897046	5953804	ChrW_unloc_scaf_2	7297876	7391481	z=49
SCAF_9	1086764	1180350	ChrZ	36889259	36982337	z=50
SCAF_9	35053954	35144683	ChrZ	36237805	36328648	z=51
SCAF_9	24291811	24378579	ChrZ	38505543	38593099	z=52
SCAF_9	29576301	29663374	ChrZ	38269209	38356318	z=53
SCAF_4	27347865	27431232	ChrZ	39222020	39306164	z=54
SCAF_4	68011854	68094777	ChrZ	36576920	36659824	z=55
SCAF_4	16438855	16519459	ChrZ	36056080	36137003	z=56
SCAF_9	28304952	28380594	ChrZ	37520729	37596720	z=57
SCAF_9	90016	185637	ChrW_unloc_scaf_2	7577861	7652925	z=58
SCAF_4	17989358	18062803	ChrZ	35759807	35832951	z=59
SCAF_4	63802634	63873350	ChrZ	36704298	36775275	z=60
SCAF_9	32017912	32087983	ChrZ	37365469	37435553	z=61
SCAF_4	26998904	27068331	ChrZ	38938474	39007816	z=62
SCAF_9	37533839	37602831	ChrZ	37262667	37331396	z=63
SCAF_9	34162473	34223992	ChrZ	35462983	35524835	z=64
SCAF_9	29607345	29684223	ChrW_unloc_scaf_2	7615514	7675028	z=65
SCAF_9	4508211	4566378	ChrZ	39914675	39972776	z=66
SCAF_4	73391088	73455707	ChrZ	67292888	67350252	z=67
SCAF_9	3498526	3554513	ChrZ	36775009	36831449	z=68
SCAF_9	15538161	15593950	ChrZ_unloc_scaf_2	365679	421262	z=69
SCAF_4	64142889	64197951	ChrZ	36343498	36398734	z=70
SCAF_4	19043848	19098569	ChrZ	37896457	37951245	z=71
SCAF_9	1969924	2024498	ChrZ	37595873	37649433	z=72
SCAF_4	73391088	73484982	ChrZ	67275275	67328485	z=73
SCAF_4	63492546	63545094	ChrZ	35709005	35760992	z=74
SCAF_9	19269088	19320857	ChrZ	37954645	38006111	z=75
SCAF_9	28933361	28983443	ChrZ	39870761	39921193	z=76
SCAF_9	36927258	36975047	ChrW_unloc_scaf_1	20886561	20933733	z=77
SCAF_4	21345974	21392006	ChrZ	36829600	36875730	z=78
SCAF_9	6892112	6939342	ChrZ	36167925	36213390	z=79
SCAF_9	38015193	38058836	ChrZ	36032229	36075816	z=80
SCAF_9	17372665	17416164	ChrZ	38186356	38229734	z=81
SCAF_4	63820224	63862155	ChrZ	36464290	36506224	z=82
SCAF_9	4116440	4160731	ChrZ	35647676	35688846	z=83
SCAF_9	1293549	1337479	ChrW_unloc_scaf_3	1525767	1566689	z=84
SCAF_9	35636541	35675554	ChrW_unloc_scaf_1	1573	40532	z=85
SCAF_9	29450769	29488351	ChrZ	38231508	38269340	z=86
SCAF_9	37156479	37193735	ChrW_unloc_scaf_3	1610666	1646797	z=87
SCAF_9	16962569	16999110	ChrZ	38599378	38635114	z=88
SCAF_9	20049770	20084330	ChrZ	36135539	36169619	z=89
SCAF_9	14711105	14743600	ChrZ	35524227	35556846	z=90
SCAF_9	17794519	17826086	ChrZ	36991027	37022295	z=91
SCAF_9	29347132	29377726	ChrZ	36499397	36530252	z=92
SCAF_9	17737332	17767214	ChrZ	39222020	39252709	z=93
SCAF_9	14560464	14590522	ChrZ	37021857	37051155	z=94
SCAF_4	55381912	55410757	ChrZ	37490109	37519264	z=95
SCAF_9	522827	553303	ChrW_unloc_scaf_3	1639800	1668575	z=96
SCAF_9	6731119	6759575	ChrZ	36631362	36659824	z=97
SCAF_9	25206556	25234083	ChrZ	36210377	36238729	z=98
SCAF_9	24951299	24977286	ChrW_unloc_scaf_1	20845486	20872708	z=99
SCAF_4	22124580	22150043	ChrW_unloc_scaf_3	133007	159128	z=100
SCAF_4	22124580	22150043	ChrW_unloc_scaf_3	45030	71151	z=101
SCAF_4	22124580	22150043	ChrW_unloc_scaf_3	103633	129753	z=102
SCAF_4	22124580	22150043	ChrW_unloc_scaf_3	15664	41784	z=103
SCAF_4	22124580	22150043	ChrW_unloc_scaf_3	74407	100527	z=104
SCAF_4	22124580	22150043	ChrW_unloc_scaf_3	162375	188493	z=105
SCAF_9	13010042	13030368	ChrW_unloc_scaf_1	20866124	20890172	z=106
SCAF_4	14027092	14050831	ChrZ	36303427	36327164	z=107
SCAF_4	49409762	49432847	ChrZ	36873342	36896073	z=108
SCAF_9	19078220	19100284	ChrW_unloc_scaf_3	1513127	1534795	z=109
SCAF_9	9417946	9445196	ChrZ	36976477	36997307	z=110
SCAF_9	24861640	24882516	ChrZ	39920562	39941282	z=111
SCAF_9	10342357	10363126	ChrW_unloc_scaf_1	1097475	1117531	z=112
SCAF_9	27955785	28009267	ChrW_unloc_scaf_3	200791	220796	z=113
SCAF_9	31193326	31213405	ChrZ	38070169	38090117	z=114
SCAF_9	33254565	33272776	ChrW_unloc_scaf_3	1498686	1518104	z=115
SCAF_9	7034466	7053411	ChrZ	37439898	37458055	z=116
SCAF_9	29888238	29907236	ChrW_unloc_scaf_3	1561918	1579583	z=117
SCAF_9	29888238	29907236	ChrW_unloc_scaf_3	1583049	1600714	z=118
SCAF_9	30566722	30584529	ChrZ	39976737	39994235	z=119
SCAF_9	27955785	28006194	ChrW_unloc_scaf_3	194205	211169	z=120
SCAF_9	11062082	11080164	ChrW_unloc_scaf_1	20916989	20933734	z=121
SCAF_9	3898195	3913679	ChrZ	35785818	35802028	z=122
SCAF_9	19650576	19667155	ChrZ	36328139	36344207	z=123
SCAF_9	16128808	16145375	ChrW_unloc_scaf_1	20950599	20966408	z=124
SCAF_9	25659113	25674552	ChrZ_unloc_scaf_2	350421	366079	z=125
SCAF_9	26245876	26260836	ChrZ	36561933	36576946	z=126
SCAF_9	18432659	18447844	ChrZ	39207494	39222428	z=127
SCAF_9	14633803	14648152	ChrZ	39246678	39261591	z=128
SCAF_9	14684547	14699364	ChrZ	36447274	36461972	z=129
SCAF_9	24249211	24262554	ChrZ	36829600	36842802	z=130
SCAF_4	22124580	22137040	ChrW_unloc_scaf_3	1	12450	z=131
SCAF_9	29516861	29529020	ChrZ_unloc_scaf_3	27731	39953	z=132
SCAF_4	57083901	57095781	ChrZ	36530688	36542633	z=133
SCAF_9	8272927	8284933	ChrZ	38005488	38017374	z=134
SCAF_9	4220164	4231609	ChrW_unloc_scaf_1	20939834	20951349	z=135
SCAF_4	73201463	73211622	ChrZ	67267228	67277454	z=136
SCAF_9	1065228	1075425	ChrZ	39860603	39870808	z=137
SCAF_4	70900907	70910439	ChrZ_unloc_scaf_3	18954	29015	z=138
SCAF_9	3665565	3675449	ChrZ	37879976	37889875	z=139
SCAF_4	65526644	65536841	ChrZ	6259018	6268888	z=140
SCAF_9	7211128	7221493	ChrZ_unloc_scaf_2	411740	421434	z=141
SCAF_9	33755382	33765380	ChrW_unloc_scaf_3	1599968	1609552	z=142
SCAF_9	33755382	33765380	ChrW_unloc_scaf_3	1578837	1588418	z=143
SCAF_9	7651272	7660698	ChrZ	39539623	39548524	z=144
SCAF_9	22495538	22506753	ChrZ	38591601	38600202	z=145
SCAF_9	35336867	35345475	ChrZ	39187776	39195404	z=146
SCAF_9	36105488	36111669	ChrW_unloc_scaf_1	37081	44515	z=147
SCAF_9	31730213	31737178	ChrZ	36774643	36781776	z=148
SCAF_9	5759578	5766812	ChrZ	36237838	36244798	z=149
SCAF_9	22033554	22040844	ChrZ	39644713	39651600	z=150
SCAF_4	20931790	20938845	ChrZ	37889787	37896600	z=151
SCAF_9	7837937	7844749	ChrZ	39160336	39167047	z=152
SCAF_9	15189262	15195849	ChrW_unloc_scaf_1	20866125	20872708	z=153
SCAF_4	15700651	15707137	ChrZ	39757830	39764380	z=154
SCAF_9	24119784	24126241	ChrW_unloc_scaf_1	2936898	2943389	z=155
SCAF_9	37205562	37212057	ChrZ	35682679	35689123	z=156
SCAF_4	40165591	40171987	ChrZ	36976193	36982532	z=157
SCAF_9	17170288	17176095	ChrZ	66595395	66601728	z=158
SCAF_4	25920481	25926368	ChrZ	38065087	38071003	z=159
SCAF_9	18144531	18150409	ChrZ	36443355	36449244	z=160
SCAF_9	34606514	34613215	ChrW_unloc_scaf_3	1607381	1613050	z=161
SCAF_4	65706925	65712008	ChrZ	36551978	36557603	z=162
SCAF_9	7929077	7934438	ChrZ	39139799	39145393	z=163
SCAF_4	20298214	20303781	ChrZ	37479218	37484766	z=164
SCAF_9	3770334	3775523	ChrZ	39639564	39644789	z=165
SCAF_9	28868564	28873964	ChrZ	39971949	39977106	z=166
SCAF_9	24668175	24672725	ChrZ	35556326	35560827	z=167
SCAF_4	20084406	20088878	ChrZ	37252883	37257237	z=168
SCAF_9	29958963	29963074	ChrZ	39423128	39427206	z=169
SCAF_9	28066248	28071111	ChrZ	66592551	66596618	z=170
SCAF_4	71015119	71019136	ChrZ_unloc_scaf_1	3078959	3082976	z=171
SCAF_9	25256649	25259856	ChrW_unloc_scaf_1	20936929	20940572	z=172
SCAF_9	3736959	3740133	ChrZ_unloc_scaf_2	348310	351782	z=173
SCAF_4	37788498	37791047	ChrZ	38915362	38918485	z=174
SCAF_4	39611894	39614647	ChrZ	39421230	39424305	z=175
SCAF_4	38767322	38769805	ChrZ	39063578	39066472	z=176
SCAF_9	7762717	7765446	ChrZ	39199589	39202458	z=177
SCAF_4	37685357	37688064	ChrZ	38916540	38919373	z=178
SCAF_9	33602984	33605745	ChrZ_unloc_scaf_3	11570	14397	z=179
SCAF_4	62117293	62119891	ChrZ	6267705	6270308	z=180
SCAF_9	28820461	28823053	ChrZ	36561607	36564197	z=181
SCAF_9	4619224	4621911	ChrW_unloc_scaf_1	47	2602	z=182
SCAF_9	8359738	8362244	ChrZ	36210786	36213251	z=183
SCAF_9	7148196	7150346	ChrZ	38599325	38601707	z=184
SCAF_9	28303283	28305510	ChrZ	37261693	37263955	z=185
SCAF_9	30931386	30933404	ChrZ	37363973	37366066	z=186
SCAF_9	32671161	32673248	ChrZ	35784624	35786708	z=187
SCAF_9	17313672	17315747	ChrZ	36562820	36564903	z=188
SCAF_9	33739518	33741544	ChrZ	38591260	38593273	z=189
SCAF_9	36827924	36829960	ChrZ	36700844	36702842	z=190
SCAF_9	29978659	29980624	ChrZ	36447274	36449252	z=191
SCAF_9	30783882	30785776	ChrZ	37415668	37417620	z=192
SCAF_9	24421684	24423514	ChrZ	37485343	37487261	z=193
SCAF_9	37709497	37711327	ChrZ_unloc_scaf_2	350255	352156	z=194
SCAF_4	1114649	1116865	ChrZ	1203500	1205330	z=195
SCAF_9	25649044	25650844	ChrZ	37714317	37716129	z=196
SCAF_4	65528644	65530276	ChrZ	5709777	5711551	z=197
SCAF_4	42402374	42404043	ChrZ	39804588	39806306	z=198
SCAF_4	47538345	47540044	ChrZ	37648036	37649730	z=199
SCAF_9	3548311	3549953	ChrZ	35523357	35524996	z=200
SCAF_9	35974318	35975915	ChrZ	38491024	38492629	z=201
SCAF_4	65945316	65946778	ChrZ	5716550	5718040	z=202
SCAF_9	8037713	8039148	ChrZ	39128603	39130051	z=203
SCAF_9	16449711	16451165	ChrZ	37949788	37951232	z=204
SCAF_9	30186133	30187528	ChrZ	35832874	35834268	z=205
SCAF_4	40786849	40788257	ChrZ	39851613	39852962	z=206
SCAF_4	37463499	37464571	ChrZ	38801559	38802903	z=207
SCAF_4	17186778	17188149	ChrZ	39877134	39878472	z=208
SCAF_4	65939167	65940479	ChrZ	5714481	5715819	z=209
SCAF_4	34823626	34825224	ChrZ	35531216	35532550	z=210
SCAF_4	54170668	54171979	ChrZ	38016071	38017399	z=211
SCAF_9	15049635	15050998	ChrZ	38504143	38505470	z=212
SCAF_9	17075043	17076407	ChrZ	38231503	38232824	z=213
SCAF_4	6156796	6158109	ChrZ	5708258	5709571	z=214
SCAF_9	15537967	15539277	ChrZ	35477743	35479030	z=215
SCAF_9	18445698	18447161	ChrZ	36529758	36531040	z=216
SCAF_9	19734888	19736372	ChrZ	37037238	37038506	z=217
SCAF_9	36331069	36332412	ChrZ	39121430	39122694	z=218
SCAF_9	4698276	4699568	ChrZ	36464236	36465498	z=219
SCAF_4	33287117	33288322	ChrZ	38754361	38755613	z=220
SCAF_9	6727502	6728786	ChrZ	39123110	39124341	z=221
SCAF_4	40210079	40211291	ChrZ	39036284	39037483	z=222
SCAF_9	30023579	30024733	ChrZ	39871182	39872354	z=223
SCAF_4	20083319	20084585	ChrZ	35941982	35943152	z=224
SCAF_4	1100807	1102127	ChrW_unloc_scaf_1	20935355	20936499	z=225
SCAF_4	70695478	70696567	ChrZ	38374967	38376064	z=226
SCAF_4	67116186	67117251	ChrZ_unloc_scaf_3	13689	14753	z=227
SCAF_4	77662874	77663935	ChrZ	35759883	35760946	z=228
SCAF_9	5335869	5336939	ChrZ	38927488	38928547	z=229
SCAF_9	7911074	7912085	ChrZ	39153120	39154168	z=230
SCAF_4	19097571	19098569	ChrZ	39837933	39838970	z=231
SCAF_4	73622629	73623082	ChrZ_unloc_scaf_3	29985	31009	z=232
SCAF_9	21902943	21903894	ChrZ	39115993	39117011	z=233
SCAF_4	38781019	38782053	ChrZ_unloc_scaf_2	420393	421404	z=234
SCAF_9	7914095	7915067	ChrZ	39150755	39151748	z=235
SCAF_4	35370907	35371886	ChrZ	36326779	36327767	z=236
SCAF_4	37173842	37176386	ChrZ	39973528	39974516	z=237
SCAF_4	33287383	33288322	ChrZ	38161219	38162191	z=238
SCAF_9	2147830	2148942	ChrZ	39079932	39080902	z=239
SCAF_4	40460983	40461957	ChrZ	37484675	37485644	z=240
SCAF_4	36482910	36483839	ChrZ	37329401	37330369	z=241
SCAF_4	61480532	61481464	ChrZ_unloc_scaf_2	411674	412630	z=242
SCAF_4	45229709	45230686	ChrZ	38958410	38959353	z=243
SCAF_4	36482910	36483839	ChrZ	36090143	36091078	z=244
SCAF_4	35370827	35371775	ChrZ	39007444	39008362	z=245
SCAF_4	34337400	34338310	ChrZ	36874766	36875674	z=246
SCAF_4	37788546	37789459	ChrZ	37490529	37491437	z=247
SCAF_9	20205633	20206515	ChrZ	38185662	38186567	z=248
SCAF_9	32022916	32023810	ChrZ	36374308	36375208	z=249
SCAF_9	3121625	3122498	ChrZ	36237838	36238735	z=250
SCAF_9	32670101	32671002	ChrZ	37595835	37596732	z=251
SCAF_9	14170763	14171619	ChrZ	36007358	36008254	z=252
SCAF_9	14170763	14171619	ChrZ	36019215	36020102	z=253
SCAF_9	14423442	14424320	ChrZ	38005288	38006164	z=254
SCAF_4	1101001	1101813	ChrW_unloc_scaf_1	20972755	20973629	z=255
SCAF_4	21171863	21172822	ChrZ	37818708	37819582	z=256
SCAF_4	36420148	36421016	ChrZ	36576839	36577712	z=257
SCAF_4	1100977	1101902	ChrW_unloc_scaf_1	20975147	20976011	z=258
SCAF_4	18090932	18091794	ChrZ	39426943	39427800	z=259
SCAF_4	40209232	40210106	ChrZ	39122981	39123830	z=260
SCAF_4	23720118	23720943	ChrZ	38909540	38910380	z=261
SCAF_4	65528974	65529918	ChrZ_unloc_scaf_2	344636	345474	z=262
SCAF_4	36822463	36823389	ChrZ	38645454	38646286	z=263
SCAF_9	8010369	8011229	ChrZ	39132426	39133258	z=264
SCAF_4	52362316	52363062	ChrZ	39804592	39805416	z=265
SCAF_4	24138274	24139117	ChrZ	39315211	39316033	z=266
SCAF_9	13212844	13213689	ChrZ	37518443	37519264	z=267
SCAF_9	15045904	15046712	ChrZ	39115668	39116487	z=268
SCAF_4	37519780	37520613	ChrZ	39007802	39008620	z=269
SCAF_4	24639263	24640087	ChrZ	37889787	37890591	z=270
SCAF_9	34620106	34620908	ChrZ	39838691	39839494	z=271
SCAF_4	36822455	36823243	ChrZ	35535736	35536536	z=272
SCAF_4	43595108	43595877	ChrZ	35690436	35691232	z=273
SCAF_4	1100807	1101608	ChrW_unloc_scaf_1	20972434	20973219	z=274
SCAF_4	17491257	17492008	ChrZ	38878806	38879586	z=275
SCAF_9	6329521	6330264	ChrZ	38755123	38755896	z=276
SCAF_4	1100977	1101780	ChrW_unloc_scaf_3	193164	193915	z=277
SCAF_9	461064	461796	ChrW_unloc_scaf_1	20965769	20966519	z=278
SCAF_4	38756758	38757496	ChrZ	38905581	38906326	z=279
SCAF_9	30080250	30081030	ChrZ	38160872	38161616	z=280
SCAF_4	36152096	36152854	ChrZ	37484530	37485272	z=281
SCAF_4	35141890	35142618	ChrZ	36345998	36346727	z=282
SCAF_4	36863692	36864397	ChrZ	36498510	36499223	z=283
SCAF_4	17300126	17300850	ChrZ	35832795	35833507	z=284
SCAF_9	19379860	19380557	ChrZ	38164285	38164995	z=285
SCAF_4	44583869	44584581	ChrZ	39816969	39817676	z=286
SCAF_9	32405662	32406326	ChrZ	39323499	39324205	z=287
SCAF_9	9877979	9878687	ChrZ	38909365	38910065	z=288
SCAF_4	65527752	65528464	ChrZ	5717506	5718199	z=289
SCAF_9	817008	817820	ChrZ	35489040	35489727	z=290
SCAF_9	12773099	12773775	ChrZ	37404034	37404713	z=291
SCAF_9	8932486	8933139	ChrZ	38418251	38418928	z=292
SCAF_4	34527542	34528223	ChrZ	35535359	35536026	z=293
SCAF_4	37060166	37060810	ChrZ	38905204	38905870	z=294
SCAF_4	52116271	52116924	ChrZ	37355564	37356226	z=295
SCAF_4	25061393	25062039	ChrZ	38098946	38099597	z=296
SCAF_4	35141890	35142544	ChrZ	35711131	35711781	z=297
SCAF_4	35562760	35563428	ChrZ	36389201	36389847	z=298
SCAF_4	37463458	37464102	ChrZ	38230420	38231063	z=299
SCAF_4	35734892	35735564	ChrZ	35838413	35839055	z=300
SCAF_4	36152160	36152799	ChrZ	36872603	36873243	z=301
SCAF_4	1100807	1101608	ChrW_unloc_scaf_3	102900	103538	z=302
SCAF_9	2824235	2824877	ChrZ	36561312	36561950	z=303
SCAF_4	1100807	1101608	ChrW_unloc_scaf_3	161643	162280	z=304
SCAF_4	1100807	1101608	ChrW_unloc_scaf_3	73676	74312	z=305
SCAF_4	1100807	1101608	ChrW_unloc_scaf_3	132278	132912	z=306
SCAF_9	7493935	7494653	ChrZ_unloc_scaf_2	1517795	1518428	z=307
SCAF_4	1100977	1101608	ChrW_unloc_scaf_3	14649	15279	z=308
SCAF_4	1100977	1101608	ChrW_unloc_scaf_3	161317	161947	z=309
SCAF_4	1100977	1101608	ChrW_unloc_scaf_3	73350	73980	z=310
SCAF_4	22536246	22536859	ChrZ	36520252	36520881	z=311
SCAF_4	1100977	1101608	ChrW_unloc_scaf_3	131952	132580	z=312
SCAF_4	1100807	1101608	ChrW_unloc_scaf_3	44309	44935	z=313
SCAF_9	21746239	21746983	ChrZ	39418991	39419615	z=314
SCAF_4	1100977	1101608	ChrW_unloc_scaf_3	43983	44601	z=315
SCAF_4	34074983	34075618	ChrZ	36373109	36373721	z=316
SCAF_4	29007313	29007921	ChrZ	35832347	35832954	z=317
SCAF_9	30080345	30080987	ChrZ	37158144	37158751	z=318
SCAF_4	37105797	37106412	ChrZ	39482934	39483541	z=319
SCAF_4	21810020	21810627	ChrZ	36269104	36269710	z=320
SCAF_4	41410300	41410891	ChrZ	38325062	38325664	z=321
SCAF_4	33586046	33586699	ChrZ	36659362	36659963	z=322
SCAF_4	44067060	44067586	ChrZ	39650924	39651522	z=323
SCAF_4	66520918	66521491	ChrZ	37252740	37253337	z=324
SCAF_4	33276133	33276751	ChrZ	36326568	36327164	z=325
SCAF_9	19756167	19756864	ChrZ	38645005	38645601	z=326
SCAF_4	35141859	35142450	ChrZ	38818769	38819361	z=327
SCAF_4	41594732	41595345	ChrZ	39066299	39066891	z=328
SCAF_9	24216036	24216646	ChrZ	37068594	37069185	z=329
SCAF_9	10141267	10141856	ChrZ_unloc_scaf_2	391854	392445	z=330
SCAF_4	22508775	22509452	ChrZ	39735728	39736318	z=331
SCAF_4	51565834	51566404	ChrZ	35966221	35966806	z=332
SCAF_9	6585973	6586577	ChrZ	39195974	39196557	z=333
SCAF_9	13360917	13361502	ChrZ	39479513	39480096	z=334
SCAF_9	37846583	37847182	ChrZ	36575504	36576085	z=335
SCAF_4	40715496	40716054	ChrZ	39959836	39960401	z=336
SCAF_9	25904303	25904880	ChrZ	36542346	36542910	z=337
SCAF_9	33802085	33802657	ChrZ	38207937	38208494	z=338
SCAF_4	41594691	41595250	ChrZ	39314751	39315307	z=339
SCAF_9	4708155	4708743	ChrZ	35554147	35554699	z=340
SCAF_4	36080804	36081360	ChrZ	36215320	36215869	z=341
SCAF_4	37833064	37833607	ChrZ	38835395	38835938	z=342
SCAF_9	9881984	9882543	ChrZ	37478941	37479482	z=343
SCAF_9	21888800	21889511	ChrZ	38089846	38090385	z=344
SCAF_4	33961287	33961798	ChrZ	38754157	38754691	z=345
SCAF_4	36069137	36069687	ChrZ	35848011	35848543	z=346
SCAF_4	33519640	33520192	ChrZ	35966028	35966556	z=347
SCAF_4	62121802	62122330	ChrZ	5713979	5714500	z=348
SCAF_4	29288772	29289301	ChrZ	39026368	39026883	z=349
SCAF_9	18285294	18285769	ChrZ	36000616	36001130	z=350
SCAF_9	29607324	29607850	ChrZ	37747810	37748321	z=351
SCAF_4	35574883	35575404	ChrZ	37484314	37484824	z=352
SCAF_4	39922900	39923429	ChrZ	37118291	37118795	z=353
SCAF_9	10444697	10445148	ChrZ	38492332	38492836	z=354
SCAF_4	16229042	16229572	ChrZ	38182896	38183398	z=355
SCAF_9	9716964	9717460	ChrZ	36423329	36423824	z=356
SCAF_4	20012749	20013242	ChrZ	39053596	39054091	z=357
SCAF_4	65937055	65937740	ChrZ	51860335	51860829	z=358
SCAF_4	65937055	65937740	ChrZ	51861287	51861781	z=359
SCAF_9	24325863	24326358	ChrZ	37472033	37472521	z=360
SCAF_4	34259212	34259632	ChrZ	38814082	38814569	z=361
SCAF_4	5026487	5026949	ChrZ	36704225	36704711	z=362
SCAF_4	35293424	35293909	ChrZ_unloc_scaf_2	442912	443397	z=363
SCAF_4	68455483	68455959	ChrZ	36433399	36433877	z=364
SCAF_9	3904418	3904897	ChrZ	35784559	35785034	z=365
SCAF_9	29997395	29997876	ChrZ	36442900	36443374	z=366
SCAF_4	29953828	29954327	ChrZ	38090112	38090584	z=367
SCAF_4	41070533	41070998	ChrZ	38504889	38505361	z=368
SCAF_9	812698	813185	ChrZ	39088840	39089312	z=369
SCAF_9	17358768	17359257	ChrZ	38290016	38290487	z=370
SCAF_4	36051215	36051669	ChrZ	35498639	35499109	z=371
SCAF_9	25056032	25056497	ChrZ	38268810	38269279	z=372
SCAF_4	54846621	54847075	ChrZ	39464506	39464973	z=373
SCAF_9	2451610	2452071	ChrZ	39817329	39817794	z=374
SCAF_4	64279785	64280249	ChrZ	37053382	37053846	z=375
SCAF_4	23539008	23539472	ChrZ	37330949	37331413	z=376
SCAF_9	37432699	37433166	ChrZ	36463732	36464195	z=377
SCAF_9	25420581	25421011	ChrZ	36357637	36358096	z=378
SCAF_4	57887826	57888284	ChrZ	37498226	37498683	z=379
SCAF_4	6462015	6462468	ChrZ	39535468	39535925	z=380
SCAF_4	33639889	33640352	ChrZ	37053512	37053967	z=381
SCAF_9	8575165	8575627	ChrZ	37489477	37489931	z=382
SCAF_4	28126463	28126935	ChrZ	38030967	38031410	z=383
SCAF_4	36561275	36561738	ChrZ	35847900	35848342	z=384
SCAF_9	13359462	13359910	ChrZ	39012219	39012660	z=385
SCAF_4	36930496	36930931	ChrZ	39482773	39483214	z=386
SCAF_4	36930496	36930931	ChrZ	37461972	37462412	z=387
SCAF_4	1100807	1101246	ChrW_unloc_scaf_3	193700	194139	z=388
SCAF_9	30709250	30709711	ChrZ_unloc_scaf_2	348061	348500	z=389
SCAF_9	18667129	18667565	ChrZ	38098751	38099189	z=390
SCAF_4	36481234	36481667	ChrZ	35834520	35834953	z=391
SCAF_9	9277788	9278221	ChrZ	36631332	36631765	z=392
SCAF_4	61134497	61134945	ChrZ	36020521	36020952	z=393
SCAF_4	1100807	1101204	ChrW_unloc_scaf_1	20977593	20978019	z=394
SCAF_4	36737828	36738211	ChrZ	36007826	36008250	z=395
SCAF_9	16409992	16410424	ChrZ	37121956	37122380	z=396
SCAF_9	21090015	21090429	ChrZ	38186139	38186558	z=397
SCAF_9	9055620	9056044	ChrZ	38666250	38666668	z=398
SCAF_9	9055620	9056044	ChrZ	38753667	38754084	z=399
SCAF_9	14265626	14266046	ChrZ	37485945	37486361	z=400
SCAF_4	36737828	36738211	ChrZ	36019219	36019633	z=401
SCAF_4	17491455	17491865	ChrZ	39116992	39117404	z=402
SCAF_4	37736112	37736523	ChrZ	39976694	39977106	z=403
SCAF_4	64065575	64065984	ChrZ_unloc_scaf_2	405958	406365	z=404
SCAF_4	54418829	54419235	ChrZ	37356824	37357230	z=405
SCAF_9	7937614	7938004	ChrZ	39127133	39127537	z=406
SCAF_4	39755999	39756381	ChrZ	39639668	39640072	z=407
SCAF_4	53006459	53006876	ChrZ	37172472	37172874	z=408
SCAF_4	37519212	37519607	ChrZ	39105344	39105745	z=409
SCAF_9	7605130	7605539	ChrZ	39095118	39095518	z=410
SCAF_4	62178416	62178814	ChrZ_unloc_scaf_3	16439	16836	z=411
SCAF_9	37215618	37216015	ChrZ	38229368	38229763	z=412
SCAF_9	33311576	33311957	ChrZ	35545469	35545856	z=413
SCAF_9	2581608	2581996	ChrZ	38487093	38487479	z=414
SCAF_9	14151652	14152038	ChrZ	37459486	37459869	z=415
SCAF_4	13163067	13163449	ChrZ	35941804	35942185	z=416
SCAF_4	40208976	40209343	ChrZ	37248685	37249065	z=417
SCAF_4	38183091	38183471	ChrZ	39187307	39187687	z=418
SCAF_9	33311549	33311924	ChrZ	39982440	39982820	z=419
SCAF_9	6416364	6416742	ChrZ	37158830	37159208	z=420
SCAF_4	36930584	36930962	ChrZ	39089818	39090196	z=421
SCAF_9	24919727	24920103	ChrZ	37050778	37051155	z=422
SCAF_4	29645233	29645617	ChrZ	37118776	37119153	z=423
SCAF_4	18201299	18201713	ChrZ	37248784	37249161	z=424
SCAF_9	25430281	25430692	ChrZ	38160735	38161112	z=425
SCAF_9	14798581	14798946	ChrZ	39550047	39550424	z=426
SCAF_9	2561069	2561454	ChrZ	38106329	38106705	z=427
SCAF_4	36930562	36930931	ChrZ	37340134	37340509	z=428
SCAF_4	16580050	16580481	ChrZ	39655907	39656280	z=429
SCAF_4	45052485	45052855	ChrZ	38928363	38928734	z=430
SCAF_4	68083453	68083827	ChrZ	39089001	39089372	z=431
SCAF_4	3801814	3802182	ChrZ	37261097	37261466	z=432
SCAF_4	30116921	30117288	ChrZ	37172315	37172682	z=433
SCAF_9	36860928	36861293	ChrZ	38718725	38719091	z=434
SCAF_9	19582059	19582392	ChrZ	35838813	35839174	z=435
SCAF_4	35283933	35284293	ChrZ	36372953	36373313	z=436
SCAF_9	6989004	6989378	ChrZ	39095033	39095393	z=437
SCAF_4	63881620	63881976	ChrW_unloc_scaf_3	100560	100919	z=438
SCAF_4	63881620	63881976	ChrW_unloc_scaf_3	12483	12842	z=439
SCAF_4	63881620	63881976	ChrW_unloc_scaf_3	129786	130145	z=440
SCAF_4	63881620	63881976	ChrW_unloc_scaf_3	159161	159520	z=441
SCAF_4	63881620	63881976	ChrW_unloc_scaf_3	188526	188885	z=442
SCAF_4	63881620	63881976	ChrW_unloc_scaf_3	41817	42176	z=443
SCAF_4	63881620	63881976	ChrW_unloc_scaf_3	71184	71543	z=444
SCAF_9	12024534	12024893	ChrZ	35536393	35536752	z=445
SCAF_4	37060039	37060416	ChrZ	39851530	39851886	z=446
SCAF_4	37084271	37084626	ChrZ	39644625	39644980	z=447
SCAF_9	32018466	32018813	ChrZ	38417665	38418017	z=448
SCAF_4	63873514	63873885	ChrZ	37819369	37819720	z=449
SCAF_4	49756275	49756629	ChrZ	38324931	38325280	z=450
SCAF_4	49217595	49217945	ChrZ	39106901	39107250	z=451
SCAF_9	2533239	2533582	ChrZ	60457588	60457937	z=452
SCAF_9	29423897	29424240	ChrZ	38492594	38492941	z=453
SCAF_9	18759394	18759733	ChrZ	36575764	36576109	z=454
SCAF_4	37445721	37446074	ChrZ	39464457	39464802	z=455
SCAF_4	39792957	39793293	ChrZ	39764053	39764398	z=456
SCAF_4	51449507	51449843	ChrZ	37356173	37356515	z=457
SCAF_9	6075054	6075353	ChrZ	35845205	35845546	z=458
SCAF_4	65529239	65529572	ChrZ	6258765	6259105	z=459
SCAF_4	33764683	33765006	ChrZ	39795759	39796098	z=460
SCAF_9	29653905	29654243	ChrZ	39522354	39522692	z=461
SCAF_4	29296158	29296515	ChrZ	39526800	39527138	z=462
SCAF_4	76062508	76062823	ChrZ	39775220	39775558	z=463
SCAF_4	29465123	29465455	ChrZ	38692834	38693171	z=464
SCAF_4	70899905	70900240	ChrZ_unloc_scaf_3	29968	30303	z=465
SCAF_9	25959623	25959963	ChrZ	37217946	37218277	z=466
SCAF_4	37559033	37559344	ChrZ	39063543	39063873	z=467
SCAF_4	66284276	66284581	ChrZ	36712701	36713026	z=468
SCAF_9	21841520	21841845	ChrZ	36877263	36877586	z=469
SCAF_4	37102564	37102919	ChrZ	39120808	39121131	z=470
SCAF_9	5003708	5004030	ChrZ	35709329	35709651	z=471
SCAF_4	41095559	41095877	ChrZ	38505089	38505408	z=472
SCAF_4	36050589	36050909	ChrZ	39159165	39159482	z=473
SCAF_9	12024660	12024981	ChrZ	39739934	39740251	z=474
SCAF_9	8451477	8451798	ChrZ	38062936	38063251	z=475
SCAF_9	30131598	30131942	ChrZ	39676513	39676825	z=476
SCAF_9	2300955	2301269	ChrZ	36020395	36020703	z=477
SCAF_9	37819737	37820044	ChrZ	38723966	38724274	z=478
SCAF_9	29054018	29054304	ChrZ	38756446	38756753	z=479
SCAF_9	817600	817966	ChrZ	35489383	35489686	z=480
SCAF_4	11307051	11307342	ChrZ	39315249	39315543	z=481
SCAF_4	40209366	40209648	ChrZ	39053335	39053626	z=482
SCAF_9	2365111	2365395	ChrZ	36551839	36552129	z=483
SCAF_9	14706073	14706338	ChrZ	38417241	38417531	z=484
SCAF_9	4083206	4083494	ChrZ	39080735	39081023	z=485
SCAF_4	62522612	62522906	ChrZ_unloc_scaf_3	11570	11858	z=486
SCAF_4	7712155	7712406	ChrZ	36700844	36701129	z=487
SCAF_4	53492996	53493369	ChrZ	38938474	38938759	z=488
SCAF_4	52166521	52166805	ChrZ	38432879	38433163	z=489
SCAF_4	1101569	1101904	ChrW_unloc_scaf_1	20968955	20969238	z=490
SCAF_4	35308641	35308919	ChrZ	38882876	38883159	z=491
SCAF_4	36561437	36561721	ChrZ	39592171	39592454	z=492
SCAF_9	29327050	29327331	ChrZ	36006444	36006726	z=493
SCAF_9	20181453	20181735	ChrZ	36021068	36021349	z=494
SCAF_9	22909006	22909287	ChrZ	37174978	37175259	z=495
SCAF_4	40386395	40386682	ChrZ	38111592	38111873	z=496
SCAF_9	30152766	30153045	ChrZ	38418330	38418608	z=497
SCAF_4	41410639	41410916	ChrZ	39158977	39159254	z=498
SCAF_9	35941861	35942138	ChrZ	36398501	36398777	z=499
SCAF_4	28060258	28060532	ChrZ	37248596	37248869	z=500
SCAF_9	28658029	28658312	ChrZ	35843559	35843831	z=501
SCAF_4	70701862	70702149	ChrZ	38387647	38387919	z=502
SCAF_4	71953735	71953999	ChrZ	39757314	39757584	z=503
SCAF_9	14995144	14995413	ChrZ	38817336	38817605	z=504
SCAF_9	36374056	36374325	ChrZ	39478137	39478405	z=505
SCAF_9	36999440	36999697	ChrZ	39079813	39080079	z=506
SCAF_9	3948371	3948646	ChrZ	39026259	39026523	z=507
SCAF_9	18072431	18072694	ChrZ	37951787	37952050	z=508
SCAF_4	26215396	26215668	ChrZ	39110234	39110497	z=509
SCAF_4	49254789	49255051	ChrZ	39834974	39835236	z=510
SCAF_9	11645199	11645467	ChrZ	38694056	38694317	z=511
SCAF_4	21604175	21604445	ChrZ	37848483	37848743	z=512
SCAF_9	15048175	15048447	ChrZ	37478752	37479011	z=513
SCAF_9	6075248	6075486	ChrZ_unloc_scaf_2	1517783	1518041	z=514
SCAF_4	28741172	28741396	ChrZ	37355967	37356220	z=515
SCAF_9	10080451	10080721	ChrZ	38165621	38165874	z=516
SCAF_9	15003891	15004143	ChrZ	36005829	36006079	z=517
SCAF_9	12024380	12024701	ChrZ	38906183	38906431	z=518
SCAF_9	3151023	3151271	ChrZ	39053579	39053827	z=519
SCAF_4	2100269	2100523	ChrZ	39735461	39735708	z=520
SCAF_4	54573459	54573702	ChrZ	38098111	38098356	z=521
SCAF_9	34620563	34620812	ChrZ	38646366	38646611	z=522
SCAF_4	33586428	33586653	ChrZ	38814063	38814306	z=523
SCAF_9	30082123	30082360	ChrZ	38162102	38162343	z=524
SCAF_4	39996280	39996518	ChrZ	39731273	39731512	z=525
SCAF_9	35493874	35494120	ChrZ	39187567	39187805	z=526
SCAF_4	47201430	47201702	ChrZ	37118691	37118928	z=527
SCAF_4	8287072	8287331	ChrZ	38655953	38656190	z=528
SCAF_4	22520127	22520337	ChrZ	39158885	39159120	z=529
SCAF_9	4708155	4708398	ChrZ	37472296	37472530	z=530
SCAF_9	17744246	17744478	ChrZ	38641817	38642049	z=531
SCAF_4	41030369	41030589	ChrZ	37779632	37779859	z=532
SCAF_4	47935350	47935579	ChrZ	37196683	37196909	z=533
SCAF_9	8398975	8399213	ChrZ	37848708	37848934	z=534
SCAF_4	20375788	20375986	ChrZ	38158784	38159007	z=535
SCAF_9	31193221	31193451	ChrZ	35838330	35838552	z=536
SCAF_4	34760599	34760821	ChrZ	36398018	36398240	z=537
SCAF_9	28352214	28352434	ChrZ	36463691	36463909	z=538
SCAF_4	10716159	10716377	ChrZ	37175120	37175336	z=539
SCAF_9	21560287	21560496	ChrZ	38641907	38642120	z=540
SCAF_9	1679667	1679895	ChrZ	38165714	38165924	z=541
SCAF_9	25565673	25565880	ChrZ	37773026	37773234	z=542
SCAF_9	34931246	34931453	ChrZ	37489948	37490154	z=543
SCAF_4	35735591	35735796	ChrZ	39791144	39791350	z=544
SCAF_9	3116625	3116832	ChrZ	36659837	36660041	z=545
SCAF_4	72826654	72826897	ChrZ	37052174	37052377	z=546
SCAF_9	12023641	12023847	ChrZ	38098621	38098824	z=547
SCAF_4	30398971	30399192	ChrZ	38755826	38756028	z=548
SCAF_4	37788546	37788742	ChrZ	36424633	36424834	z=549
SCAF_9	9906672	9906873	ChrZ	39740165	39740366	z=550
SCAF_9	32057047	32057265	ChrZ	39037843	39038041	z=551
SCAF_4	53086427	53086636	ChrZ	37252572	37252768	z=552
SCAF_4	45648480	45648701	ChrZ	37118647	37118842	z=553
SCAF_9	4708205	4708398	ChrZ	37197180	37197375	z=554
SCAF_4	19711520	19711714	ChrZ	38855766	38855961	z=555
SCAF_9	19029960	19030156	ChrZ	39823026	39823221	z=556
SCAF_9	5588556	5588760	ChrZ	37858874	37859067	z=557
SCAF_9	6585973	6586158	ChrZ	39116994	39117186	z=558
SCAF_9	19201627	19201816	ChrZ	38659396	38659585	z=559
SCAF_4	36990751	36990945	ChrZ	39684855	39685044	z=560
SCAF_4	34291320	34291509	ChrZ	35847900	35848087	z=561
SCAF_4	12388030	12388212	ChrZ	38433418	38433603	z=562
SCAF_9	12920072	12920257	ChrZ	38718717	38718902	z=563
SCAF_4	37725578	37725773	ChrZ	38693104	38693288	z=564
SCAF_9	22430743	22430923	ChrZ	36020082	36020264	z=565
SCAF_9	17109153	17109333	ChrZ	38669884	38670062	z=566
SCAF_4	40209079	40209251	ChrZ	39037680	39037858	z=567
SCAF_9	3164948	3165132	ChrZ	35838261	35838436	z=568
SCAF_4	37805372	37805546	ChrZ	39644770	39644943	z=569
SCAF_4	26526637	26526813	ChrZ	38756306	38756475	z=570
SCAF_4	48202104	48202270	ChrZ	38030903	38031071	z=571
SCAF_9	21247398	21247565	ChrZ	35950994	35951161	z=572
SCAF_4	40384292	40384456	ChrZ	38183310	38183474	z=573
SCAF_4	67000663	67000823	ChrZ	37779547	37779704	z=574
SCAF_4	17825244	17825401	ChrZ	38183365	38183522	z=575
SCAF_9	11656911	11657079	ChrZ	38641717	38641874	z=576
SCAF_9	17576422	17576577	ChrZ	35839155	35839310	z=577
SCAF_4	20375841	20375996	ChrZ	38158672	38158827	z=578
SCAF_4	6830986	6831191	ChrZ	38444830	38444985	z=579
SCAF_9	18415937	18416088	ChrZ	38031328	38031481	z=580
SCAF_4	37760051	37760203	ChrZ	38724059	38724212	z=581
SCAF_4	46576843	46577008	ChrZ_unloc_scaf_3	3594	3744	z=582
SCAF_4	48845657	48845825	ChrZ	38183270	38183419	z=583
SCAF_9	30704463	30704613	ChrZ	38097983	38098130	z=584
SCAF_9	7924997	7925144	ChrZ	39146124	39146271	z=585
SCAF_9	25352629	25352776	ChrZ	38097855	38098001	z=586
SCAF_4	66194012	66194250	ChrZ	39795656	39795797	z=587
SCAF_4	54948094	54948229	ChrZ	38164414	38164554	z=588
SCAF_4	35563476	35563615	ChrZ	36021251	36021390	z=589
SCAF_4	65681517	65681655	ChrZ	37951673	37951812	z=590
SCAF_9	25723214	25723349	ChrZ	38376015	38376154	z=591
SCAF_4	35856141	35856275	ChrZ	39757727	39757864	z=592
SCAF_4	32237136	32237268	ChrZ	36014846	36014978	z=593
SCAF_4	27729424	27729563	ChrZ	39086962	39087094	z=594
SCAF_9	24552263	24552394	ChrZ	36006707	36006838	z=595
SCAF_4	65937847	65938092	ChrZ	37771617	37771748	z=596
SCAF_9	33935037	33935158	ChrZ	38657152	38657283	z=597
SCAF_4	39858484	39858614	ChrZ	39053519	39053650	z=598
SCAF_9	24165989	24166119	ChrZ	37954525	37954655	z=599
SCAF_4	44606410	44606537	ChrZ	39731485	39731614	z=600
SCAF_4	65832682	65832811	ChrZ	39320724	39320852	z=601
SCAF_4	3623807	3623929	ChrZ	38111891	38112018	z=602
SCAF_4	24642195	24642322	ChrZ	39834927	39835054	z=603
SCAF_4	24981091	24981215	ChrZ	38094902	38095026	z=604
SCAF_9	7210728	7210852	ChrZ	38802838	38802962	z=605
SCAF_4	41410639	41410760	ChrZ	39656203	39656324	z=606
SCAF_4	20657481	20657600	ChrZ	39656172	39656290	z=607
SCAF_4	52319560	52319674	ChrZ	36543170	36543284	z=608
SCAF_9	21709126	21709243	ChrZ	39037456	39037570	z=609
SCAF_4	32830838	32830949	ChrZ	39834390	39834501	z=610
SCAF_4	49827059	49827169	ChrZ	37353249	37353359	z=611
SCAF_4	24877699	24877808	ChrZ	37763603	37763713	z=612
SCAF_4	65774054	65774164	ChrZ	38656128	38656238	z=613
SCAF_4	70705118	70705235	ChrZ	51860766	51860874	z=614
SCAF_4	70705118	70705235	ChrZ	51861242	51861350	z=615
SCAF_4	73461378	73461484	ChrZ	67267112	67267218	z=616
SCAF_4	81793249	81793353	ChrZ	38657096	38657198	z=617
SCAF_4	36930768	36930869	ChrZ	37057924	37058025	z=618
SCAF_4	41569295	41569395	ChrZ	39051943	39052043	z=619
SCAF_4	52992163	52992257	ChrZ	37257193	37257291	z=620
SCAF_4	10571756	10571854	ChrZ	38882834	38882932	z=621
SCAF_9	13973646	13973744	ChrZ	36463654	36463751	z=622
SCAF_4	36584252	36584348	ChrZ	36351272	36351368	z=623
SCAF_4	41509290	41509387	ChrZ	38938425	38938521	z=624
SCAF_9	7834265	7834360	ChrZ	39167653	39167748	z=625
SCAF_9	36278295	36278388	ChrZ	38505475	38505568	z=626
SCAF_9	19974259	19974351	ChrZ_unloc_scaf_3	14725	14817	z=627
SCAF_4	37958707	37958798	ChrZ	39051900	39051990	z=628
SCAF_4	52171361	52171501	ChrZ	5718370	5718460	z=629
SCAF_9	6887686	6887773	ChrZ	37261561	37261650	z=630
SCAF_4	63960127	63960211	ChrZ	38175292	38175380	z=631
SCAF_4	74045976	74046060	ChrZ	38443814	38443898	z=632
SCAF_4	2098413	2098493	ChrZ	37478694	37478771	z=633
SCAF_4	49422698	49422772	ChrZ	37106565	37106639	z=634
SCAF_9	19134560	19134634	ChrZ	39639621	39639695	z=635
SCAF_4	30052705	30052780	ChrZ	39731225	39731299	z=636
SCAF_4	56493821	56493887	ChrZ	36442864	36442937	z=637
SCAF_4	48960494	48960555	ChrZ	38453133	38453203	z=638
SCAF_9	16805266	16805334	ChrZ	39684826	39684894	z=639
SCAF_4	74250202	74250268	ChrZ	38817570	38817637	z=640
SCAF_9	10395278	10395342	ChrZ	38230346	38230410	z=641
SCAF_4	45677484	45677547	ChrZ	38098332	38098395	z=642
SCAF_4	35856108	35856170	ChrZ	36442814	36442876	z=643
SCAF_9	7982784	7982845	ChrZ	39134688	39134749	z=644
SCAF_9	34514012	34514070	ChrZ	37118256	37118314	z=645
SCAF_9	25539711	25539769	ChrZ	37784143	37784201	z=646
SCAF_9	9201510	9201568	ChrZ	38656488	38656546	z=647
SCAF_9	817407	817467	ChrZ	5708078	5708136	z=648
SCAF_9	14313157	14313213	ChrZ	37261631	37261687	z=649
SCAF_9	26181539	26181594	ChrW_unloc_scaf_1	366405	366460	z=650
SCAF_4	52710659	52710710	ChrZ	39757285	39757340	z=651
SCAF_4	69650902	69650954	ChrZ	38669851	38669903	z=652
SCAF_4	78849313	78849363	ChrZ	39110201	39110253	z=653
SCAF_9	28628918	28628968	ChrZ	36020927	36020977	z=654
SCAF_9	8006934	8006984	ChrZ	39121395	39121445	z=655
SCAF_9	1450912	1450960	ChrZ	36020366	36020414	z=656
SCAF_4	11140936	11140984	ChrZ	37478679	37478727	z=657
SCAF_4	73192908	73192955	ChrZ	39860576	39860623	z=658
SCAF_4	35308710	35308756	ChrZ	36000273	36000319	z=659
SCAF_9	17325102	17325148	ChrZ	39834683	39834729	z=660
SCAF_9	24887203	24887246	ChrZ	36542891	36542934	z=661
SCAF_4	63352690	63352733	ChrZ	36700844	36700887	z=662
SCAF_9	3472620	3472662	ChrZ	36032206	36032248	z=663
SCAF_9	37393755	37393797	ChrZ	38170351	38170393	z=664
SCAF_4	37027687	37027729	ChrZ	38356299	38356341	z=665
SCAF_4	49827664	49827705	ChrZ	38814554	38814595	z=666
SCAF_9	18998015	18998056	ChrZ	39121378	39121419	z=667
SCAF_9	25228020	25317377	ChrW_unloc_scaf_1	1742127	1828708	z=668
SCAF_9	35537855	35576560	ChrW_unloc_scaf_1	1868	40532	z=669
SCAF_9	35601701	35640433	ChrW_unloc_scaf_1	1868	40532	z=670
SCAF_9	7479689	7522789	ChrW_unloc_scaf_1	19527471	19567883	z=671
SCAF_9	35543659	35582251	ChrW_unloc_scaf_1	1986	40532	z=672
SCAF_9	35549456	35588058	ChrW_unloc_scaf_1	1986	40532	z=673
SCAF_9	35572672	35611284	ChrW_unloc_scaf_1	1986	40532	z=674
SCAF_9	35595900	35634506	ChrW_unloc_scaf_1	1986	40532	z=675
SCAF_9	35607512	35646122	ChrW_unloc_scaf_1	1986	40532	z=676
SCAF_9	6569064	6745795	ChrW_unloc_scaf_1	20321738	20488909	z=677
SCAF_9	35566861	35605423	ChrW_unloc_scaf_1	2043	40532	z=678
SCAF_9	35320783	35511547	ChrW_unloc_scaf_1	265245	470807	z=679
SCAF_9	35561267	35601399	ChrW_unloc_scaf_1	42201	82249	z=680
SCAF_9	35526471	35566559	ChrW_unloc_scaf_1	42201	82266	z=681
SCAF_9	35532263	35572370	ChrW_unloc_scaf_1	42201	82266	z=682
SCAF_9	35538043	35578175	ChrW_unloc_scaf_1	42201	82266	z=683
SCAF_9	35543847	35583984	ChrW_unloc_scaf_1	42201	82266	z=684
SCAF_9	35555443	35595598	ChrW_unloc_scaf_1	42201	82266	z=685
SCAF_9	35567049	35607210	ChrW_unloc_scaf_1	42201	82266	z=686
SCAF_9	35572860	35613017	ChrW_unloc_scaf_1	42201	82266	z=687
SCAF_9	35578665	35618816	ChrW_unloc_scaf_1	42201	82266	z=688
SCAF_9	35549644	35589752	ChrW_unloc_scaf_1	42240	82266	z=689
SCAF_9	20121107	20189072	ChrW_unloc_scaf_1	5872648	5940357	z=690
SCAF_9	35494756	35587593	ChrW_unloc_scaf_1	772519	864939	z=691
SCAF_9	35628098	35692259	ChrW_unloc_scaf_1	778296	842026	z=692
SCAF_9	35622291	35692259	ChrW_unloc_scaf_1	778296	847793	z=693
SCAF_9	35616480	35692259	ChrW_unloc_scaf_1	778296	853560	z=694
SCAF_9	35610681	35692259	ChrW_unloc_scaf_1	778296	859327	z=695
SCAF_9	35512047	35599201	ChrW_unloc_scaf_1	778296	864939	z=696
SCAF_9	35517847	35605012	ChrW_unloc_scaf_1	778296	864939	z=697
SCAF_9	35523646	35610819	ChrW_unloc_scaf_1	778296	864939	z=698
SCAF_9	35529437	35616618	ChrW_unloc_scaf_1	778296	864939	z=699
SCAF_9	35535218	35622429	ChrW_unloc_scaf_1	778296	864939	z=700
SCAF_9	35541021	35628236	ChrW_unloc_scaf_1	778296	864939	z=701
SCAF_9	35546818	35634041	ChrW_unloc_scaf_1	778296	864939	z=702
SCAF_9	35552617	35639850	ChrW_unloc_scaf_1	778296	864939	z=703
SCAF_9	35558424	35645657	ChrW_unloc_scaf_1	778296	864939	z=704
SCAF_9	35564223	35651464	ChrW_unloc_scaf_1	778296	864939	z=705
SCAF_9	35570034	35657265	ChrW_unloc_scaf_1	778296	864939	z=706
SCAF_9	35575839	35663076	ChrW_unloc_scaf_1	778296	864939	z=707
SCAF_9	35581648	35668883	ChrW_unloc_scaf_1	778296	864939	z=708
SCAF_9	35587455	35674682	ChrW_unloc_scaf_1	778296	864939	z=709
SCAF_9	35593262	35680493	ChrW_unloc_scaf_1	778296	864939	z=710
SCAF_9	35599063	35686300	ChrW_unloc_scaf_1	778296	864939	z=711
SCAF_9	35604874	35833192	ChrW_unloc_scaf_1	778296	958092	z=712
SCAF_9	35512047	35593400	ChrW_unloc_scaf_1	784063	864939	z=713
SCAF_9	35512047	35581786	ChrW_unloc_scaf_1	795597	864939	z=714
SCAF_9	35512047	35575977	ChrW_unloc_scaf_1	801364	864939	z=715
SCAF_9	16882038	16936273	ChrW_unloc_scaf_1	9284480	9333171	z=716
SCAF_9	26652555	27300743	ChrW_unloc_scaf_2	1046326	1674779	z=717
SCAF_9	27362218	27760954	ChrW_unloc_scaf_2	1191584	1612874	z=718
SCAF_9	27687318	28157036	ChrW_unloc_scaf_2	2400962	2834595	z=719
SCAF_9	27646887	28157036	ChrW_unloc_scaf_2	2400962	2879691	z=720
SCAF_9	27272054	28157036	ChrW_unloc_scaf_2	2400962	3242451	z=721
SCAF_9	27221578	28157036	ChrW_unloc_scaf_2	2400962	3331277	z=722
SCAF_9	27140139	28122121	ChrW_unloc_scaf_2	2400962	3476652	z=723
SCAF_9	26534490	27584720	ChrW_unloc_scaf_2	2400962	3487071	z=724
SCAF_9	26708188	27772074	ChrW_unloc_scaf_2	2400962	3487071	z=725
SCAF_9	26873910	28043326	ChrW_unloc_scaf_2	2400962	3487097	z=726
SCAF_9	26660601	27716212	ChrW_unloc_scaf_2	2400962	3487194	z=727
SCAF_9	26760921	27897597	ChrW_unloc_scaf_2	2400962	3487194	z=728
SCAF_9	27499467	28157036	ChrW_unloc_scaf_2	2420495	3060056	z=729
SCAF_9	27452380	28157036	ChrW_unloc_scaf_2	2420495	3105146	z=730
SCAF_9	27397833	28157036	ChrW_unloc_scaf_2	2420495	3150240	z=731
SCAF_9	27345313	28157036	ChrW_unloc_scaf_2	2420495	3197357	z=732
SCAF_9	26995614	27949130	ChrW_unloc_scaf_2	2420495	3364996	z=733
SCAF_9	26943112	28093242	ChrW_unloc_scaf_2	2420495	3485574	z=734
SCAF_9	26431289	27553840	ChrW_unloc_scaf_2	2420495	3487071	z=735
SCAF_9	26737247	27635255	ChrW_unloc_scaf_2	2626531	3487115	z=736
SCAF_9	26430024	27300743	ChrW_unloc_scaf_2	2711581	3487071	z=737
SCAF_9	26684510	27462360	ChrW_unloc_scaf_2	2712851	3487071	z=738
SCAF_9	26650154	27407804	ChrW_unloc_scaf_2	2770161	3487071	z=739
SCAF_9	26752893	27509444	ChrW_unloc_scaf_2	2772555	3487071	z=740
SCAF_9	26476733	27169018	ChrW_unloc_scaf_2	2780105	3487194	z=741
SCAF_9	26564295	27250314	ChrW_unloc_scaf_2	2832962	3487115	z=742
SCAF_9	26371848	26957138	ChrW_unloc_scaf_2	2833002	3353779	z=743
SCAF_9	26532757	27126443	ChrW_unloc_scaf_2	2869042	3487071	z=744
SCAF_9	26371848	27005581	ChrW_unloc_scaf_2	2878098	3487071	z=745
SCAF_9	27114715	27675686	ChrW_unloc_scaf_2	2887773	3487115	z=746
SCAF_9	27311880	27776532	ChrW_unloc_scaf_2	2898413	3356270	z=747
SCAF_9	26371848	26904602	ChrW_unloc_scaf_2	2923198	3421289	z=748
SCAF_9	27646887	28122121	ChrW_unloc_scaf_2	652162	1263509	z=749
SCAF_9	27221578	27949130	ChrW_unloc_scaf_2	652162	1384202	z=750
SCAF_9	27272054	28157036	ChrW_unloc_scaf_2	652162	1604177	z=751
SCAF_9	27140139	28122121	ChrW_unloc_scaf_2	652162	1664362	z=752
SCAF_9	26534490	27509444	ChrW_unloc_scaf_2	652162	1674779	z=753
SCAF_9	26760921	27772074	ChrW_unloc_scaf_2	652162	1674779	z=754
SCAF_9	26708188	27716212	ChrW_unloc_scaf_2	652162	1674902	z=755
SCAF_9	26873910	27938024	ChrW_unloc_scaf_2	652162	1674902	z=756
SCAF_9	27499467	28122121	ChrW_unloc_scaf_2	671695	1312754	z=757
SCAF_9	27452380	28122121	ChrW_unloc_scaf_2	671695	1357857	z=758
SCAF_9	27397833	28157036	ChrW_unloc_scaf_2	671695	1393565	z=759
SCAF_9	27345313	28157036	ChrW_unloc_scaf_2	671695	1438642	z=760
SCAF_9	26995614	28093242	ChrW_unloc_scaf_2	671695	1673282	z=761
SCAF_9	26431289	27355285	ChrW_unloc_scaf_2	671695	1674779	z=762
SCAF_9	26943112	28043326	ChrW_unloc_scaf_2	671695	1674805	z=763
SCAF_9	26568197	27462360	ChrW_unloc_scaf_2	798771	1674779	z=764
SCAF_9	26375682	27005581	ChrW_unloc_scaf_2	883390	1674779	z=765
SCAF_9	26700028	27407804	ChrW_unloc_scaf_2	995393	1674779	z=766
SCAF_9	11844475	11873402	ChrW_unloc_scaf_3	1036685	1066476	z=767
SCAF_9	27998861	28027089	ChrW_unloc_scaf_3	1054430	1096084	z=768
SCAF_9	28670533	28725310	ChrW_unloc_scaf_3	1206190	1234508	z=769
SCAF_9	19814671	19825067	ChrW_unloc_scaf_3	200791	211162	z=770
SCAF_9	19814671	19825067	ChrW_unloc_scaf_3	210418	220789	z=771
SCAF_9	19814671	19825067	ChrW_unloc_scaf_3	220045	230415	z=772
SCAF_9	11069689	11080171	ChrW_unloc_scaf_3	220045	230422	z=773
SCAF_9	9399819	9410244	ChrW_unloc_scaf_3	220045	230422	z=774
SCAF_9	19814671	19825067	ChrW_unloc_scaf_3	229671	240041	z=775
SCAF_9	9399819	9410244	ChrW_unloc_scaf_3	229671	240048	z=776
SCAF_9	19814671	19825067	ChrW_unloc_scaf_3	239297	249671	z=777
SCAF_9	19814671	19825067	ChrW_unloc_scaf_3	248927	259293	z=778
SCAF_9	9399819	9410244	ChrW_unloc_scaf_3	248927	259300	z=779
SCAF_9	36603072	36617564	ChrW_unloc_scaf_3	2571184	2587682	z=780
SCAF_9	19814669	19825047	ChrW_unloc_scaf_3	2577152	2587687	z=781
SCAF_9	11069689	11080171	ChrW_unloc_scaf_3	2577154	2587714	z=782
SCAF_9	19814671	19825067	ChrW_unloc_scaf_3	258549	268923	z=783
SCAF_9	9399819	9410237	ChrW_unloc_scaf_3	258549	268923	z=784
SCAF_9	30880752	30904210	ChrW_unloc_scaf_3	2633023	2651277	z=785
SCAF_9	19814671	19825067	ChrW_unloc_scaf_3	2745386	2755959	z=786
SCAF_9	11052701	11080176	ChrW_unloc_scaf_3	3058725	3083186	z=787
SCAF_9	8603990	8631234	ChrW_unloc_scaf_3	3167255	3191909	z=788
SCAF_9	1622612	1635318	ChrW_unloc_scaf_3	3508671	3521967	z=789
SCAF_9	20709302	20750167	ChrW_unloc_scaf_3	3508671	3531566	z=790
SCAF_9	22845784	22884644	ChrW_unloc_scaf_3	3516359	3544599	z=791
SCAF_9	32111520	32133413	ChrW_unloc_scaf_3	4190808	4212027	z=792
SCAF_9	22875238	22884644	ChrW_unloc_scaf_3	748636	758041	z=793
SCAF_9	30809727	30889955	ChrW_unloc_scaf_4	1806064	1895687	z=794
SCAF_9	38098061	38152641	ChrW_unloc_scaf_4	3193213	3248655	z=795
SCAF_9	38098061	38159372	ChrW_unloc_scaf_4	3193213	3255513	z=796
SCAF_9	38098686	38166109	ChrW_unloc_scaf_4	3193213	3261731	z=797
SCAF_9	38105527	38172846	ChrW_unloc_scaf_4	3193213	3261731	z=798
SCAF_9	38098061	38179577	ChrW_unloc_scaf_4	3193213	3343724	z=799
SCAF_9	38098061	38186313	ChrW_unloc_scaf_4	3193213	3351142	z=800
SCAF_9	38098061	38193044	ChrW_unloc_scaf_4	3193213	3358559	z=801
SCAF_9	38098061	38199774	ChrW_unloc_scaf_4	3193213	3365414	z=802
SCAF_9	38098061	38206504	ChrW_unloc_scaf_4	3193213	3372281	z=803
SCAF_9	38098061	38213232	ChrW_unloc_scaf_4	3193213	3379139	z=804
SCAF_9	38098061	38219968	ChrW_unloc_scaf_4	3193213	3386559	z=805
SCAF_9	38098061	38226705	ChrW_unloc_scaf_4	3193213	3393418	z=806
SCAF_9	38098061	38233441	ChrW_unloc_scaf_4	3193213	3400280	z=807
SCAF_9	38098061	38240178	ChrW_unloc_scaf_4	3193213	3407142	z=808
SCAF_9	38098061	38246914	ChrW_unloc_scaf_4	3193213	3414005	z=809
SCAF_9	38098061	38253651	ChrW_unloc_scaf_4	3193213	3420868	z=810
SCAF_9	38098061	38267119	ChrW_unloc_scaf_4	3193213	3427730	z=811
SCAF_9	38103424	38273856	ChrW_unloc_scaf_4	3193213	3429205	z=812
SCAF_9	38110265	38280592	ChrW_unloc_scaf_4	3193213	3429205	z=813
SCAF_9	38117001	38287322	ChrW_unloc_scaf_4	3193213	3429205	z=814
SCAF_9	38123737	38294052	ChrW_unloc_scaf_4	3193213	3429205	z=815
SCAF_9	38130473	38300783	ChrW_unloc_scaf_4	3193213	3429205	z=816
SCAF_9	38137203	38307513	ChrW_unloc_scaf_4	3193213	3429205	z=817
SCAF_9	38143934	38314245	ChrW_unloc_scaf_4	3193213	3429205	z=818
SCAF_9	38150671	38320976	ChrW_unloc_scaf_4	3193213	3429205	z=819
SCAF_9	38157401	38327713	ChrW_unloc_scaf_4	3193213	3429205	z=820
SCAF_9	38164138	38334444	ChrW_unloc_scaf_4	3193213	3429205	z=821
SCAF_9	38170875	38341175	ChrW_unloc_scaf_4	3193213	3429205	z=822
SCAF_9	38177606	38347906	ChrW_unloc_scaf_4	3193213	3429205	z=823
SCAF_9	38184343	38354637	ChrW_unloc_scaf_4	3193213	3429205	z=824
SCAF_9	38191073	38359918	ChrW_unloc_scaf_4	3194773	3429205	z=825
SCAF_9	38197804	38359918	ChrW_unloc_scaf_4	3201633	3429205	z=826
SCAF_9	38204534	38359918	ChrW_unloc_scaf_4	3208484	3429205	z=827
SCAF_9	38211262	38359918	ChrW_unloc_scaf_4	3215334	3429205	z=828
SCAF_9	38217998	38359918	ChrW_unloc_scaf_4	3222184	3429205	z=829
SCAF_9	38224734	38359918	ChrW_unloc_scaf_4	3229034	3429205	z=830
SCAF_9	38231471	38359918	ChrW_unloc_scaf_4	3235895	3429205	z=831
SCAF_9	38238207	38359918	ChrW_unloc_scaf_4	3242753	3429205	z=832
SCAF_9	38244944	38359918	ChrW_unloc_scaf_4	3249610	3429205	z=833
SCAF_9	38251680	38354659	ChrW_unloc_scaf_4	3303292	3429205	z=834
SCAF_9	38258417	38359918	ChrW_unloc_scaf_4	3304884	3429205	z=835
SCAF_9	38265148	38359918	ChrW_unloc_scaf_4	3329842	3429205	z=836
SCAF_9	38271885	38359918	ChrW_unloc_scaf_4	3337258	3429205	z=837
SCAF_9	38278622	38359918	ChrW_unloc_scaf_4	3344679	3429205	z=838
SCAF_9	38285352	38359918	ChrW_unloc_scaf_4	3352097	3429205	z=839
SCAF_9	38292081	38359918	ChrW_unloc_scaf_4	3359514	3429205	z=840
SCAF_9	38298812	38359918	ChrW_unloc_scaf_4	3366369	3429205	z=841
SCAF_9	38305542	38359918	ChrW_unloc_scaf_4	3373236	3429205	z=842
SCAF_9	38312273	38359918	ChrW_unloc_scaf_4	3380094	3429205	z=843
SCAF_9	36868267	36989381	ChrW_unloc_scaf_5	1215115	1345918	z=844
SCAF_9	37705488	37747931	ChrW_unloc_scaf_5	2444731	2486698	z=845
SCAF_9	32103946	32134312	ChrW_unloc_scaf_5	2972884	2994061	z=846
SCAF_9	32103946	32141159	ChrW_unloc_scaf_5	2972884	3000915	z=847
SCAF_9	32103946	32148007	ChrW_unloc_scaf_5	2972884	3007771	z=848
SCAF_9	32176869	32216244	ChrW_unloc_scaf_5	2972884	3012552	z=849
SCAF_9	32104381	32154857	ChrW_unloc_scaf_5	2972884	3014194	z=850
SCAF_9	32103946	32161707	ChrW_unloc_scaf_5	2972884	3023808	z=851
SCAF_9	32103946	32168556	ChrW_unloc_scaf_5	2972884	3030664	z=852
SCAF_9	32103946	32175401	ChrW_unloc_scaf_5	2972884	3037522	z=853
SCAF_9	32103946	32182250	ChrW_unloc_scaf_5	2972884	3044378	z=854
SCAF_9	32135662	32209512	ChrW_unloc_scaf_5	2972884	3049278	z=855
SCAF_9	32120852	32195936	ChrW_unloc_scaf_5	2972884	3052825	z=856
SCAF_9	32103946	32189092	ChrW_unloc_scaf_5	2972884	3053561	z=857
SCAF_9	32128811	32222974	ChrW_unloc_scaf_5	2972884	3067876	z=858
SCAF_9	32103946	32202782	ChrW_unloc_scaf_5	2972884	3079012	z=859
SCAF_9	32107778	32229705	ChrW_unloc_scaf_5	2972884	3082024	z=860
SCAF_9	32123948	32236436	ChrW_unloc_scaf_5	2972884	3082024	z=861
SCAF_9	32130685	32243167	ChrW_unloc_scaf_5	2972884	3082024	z=862
SCAF_9	32137536	32249898	ChrW_unloc_scaf_5	2972884	3082024	z=863
SCAF_9	32144383	32256629	ChrW_unloc_scaf_5	2972884	3082024	z=864
SCAF_9	32151231	32263360	ChrW_unloc_scaf_5	2972884	3082024	z=865
SCAF_9	32158081	32270092	ChrW_unloc_scaf_5	2972884	3082024	z=866
SCAF_9	32164931	32276822	ChrW_unloc_scaf_5	2972884	3082024	z=867
SCAF_9	32171780	32283553	ChrW_unloc_scaf_5	2972884	3082024	z=868
SCAF_9	32178624	32290284	ChrW_unloc_scaf_5	2972884	3082024	z=869
SCAF_9	32185473	32297016	ChrW_unloc_scaf_5	2972884	3082024	z=870
SCAF_9	32192316	32303748	ChrW_unloc_scaf_5	2972884	3082024	z=871
SCAF_9	32199161	32310485	ChrW_unloc_scaf_5	2972884	3082024	z=872
SCAF_9	32206005	32317214	ChrW_unloc_scaf_5	2972884	3082024	z=873
SCAF_9	32212737	32323945	ChrW_unloc_scaf_5	2972884	3082024	z=874
SCAF_9	32219467	32330677	ChrW_unloc_scaf_5	2972884	3082024	z=875
SCAF_9	32226198	32337380	ChrW_unloc_scaf_5	2972884	3082024	z=876
SCAF_9	32232929	32344049	ChrW_unloc_scaf_5	2972884	3082024	z=877
SCAF_9	32239660	32350718	ChrW_unloc_scaf_5	2972884	3082024	z=878
SCAF_9	32246391	32357387	ChrW_unloc_scaf_5	2972884	3082024	z=879
SCAF_9	32253122	32366388	ChrW_unloc_scaf_5	2972884	3082024	z=880
SCAF_9	32259853	32373118	ChrW_unloc_scaf_5	2972884	3082024	z=881
SCAF_9	32266585	32374057	ChrW_unloc_scaf_5	2978799	3082024	z=882
SCAF_9	32273315	32374057	ChrW_unloc_scaf_5	2985653	3082024	z=883
SCAF_9	32280046	32374057	ChrW_unloc_scaf_5	2992511	3082024	z=884
SCAF_9	32286777	32374057	ChrW_unloc_scaf_5	2999367	3082024	z=885
SCAF_9	32293509	32374057	ChrW_unloc_scaf_5	3006221	3082024	z=886
SCAF_9	32300241	32374057	ChrW_unloc_scaf_5	3013081	3082024	z=887
SCAF_9	32306973	32374057	ChrW_unloc_scaf_5	3015407	3082024	z=888
SCAF_9	32313707	32374057	ChrW_unloc_scaf_5	3022262	3082024	z=889
SCAF_9	32320439	32374057	ChrW_unloc_scaf_5	3029118	3082024	z=890
SCAF_9	32327170	32374057	ChrW_unloc_scaf_5	3035974	3082024	z=891
SCAF_9	32333867	32374057	ChrW_unloc_scaf_5	3042832	3082024	z=892
SCAF_9	32347205	32389575	ChrW_unloc_scaf_5	3055314	3082024	z=893
SCAF_4	39380379	39577931	ChrZ	39986651	40137265	z=894
SCAF_4	38545983	38730905	ChrZ	39986651	40137286	z=895
SCAF_4	39368004	39577931	ChrZ	39986651	40146718	z=896
SCAF_4	38527669	38730905	ChrZ	39986651	40146739	z=897
SCAF_4	39355717	39577931	ChrZ	39986651	40156171	z=898
SCAF_4	38516657	38730905	ChrZ	39986651	40156192	z=899
SCAF_4	39339039	39577931	ChrZ	39986651	40165483	z=900
SCAF_4	38504281	38730905	ChrZ	39986651	40165504	z=901
SCAF_4	38379550	38613695	ChrZ	39986651	40165561	z=902
SCAF_4	39323281	39577931	ChrZ	39986651	40182188	z=903
SCAF_4	38491803	38730905	ChrZ	39986651	40182209	z=904
SCAF_4	39307257	39577931	ChrZ	39986651	40192279	z=905
SCAF_4	38478519	38730905	ChrZ	39986651	40192300	z=906
SCAF_4	38407504	38665411	ChrZ	39986651	40196742	z=907
SCAF_4	39291695	39577931	ChrZ	39986651	40202598	z=908
SCAF_4	38467739	38730905	ChrZ	39986651	40202619	z=909
SCAF_4	39275878	39577931	ChrZ	39986651	40211896	z=910
SCAF_4	38449212	38730905	ChrZ	39986651	40211917	z=911
SCAF_4	38397864	38679591	ChrZ	39986651	40212038	z=912
SCAF_4	38417828	38700471	ChrZ	39986651	40212038	z=913
SCAF_4	39096068	39439242	ChrZ	39986651	40212038	z=914
SCAF_4	39111810	39455441	ChrZ	39986651	40212038	z=915
SCAF_4	39225259	39543391	ChrZ	39986651	40212038	z=916
SCAF_4	39259404	39577931	ChrZ	39986651	40227245	z=917
SCAF_4	39163261	39577931	ChrZ	39986651	40291466	z=918
SCAF_4	39144074	39577931	ChrZ	39986651	40300610	z=919
SCAF_4	39127986	39577931	ChrZ	39986651	40310520	z=920
SCAF_4	39080758	39577931	ChrZ	39986651	40329412	z=921
SCAF_4	39059995	39425140	ChrZ	39993098	40246009	z=922
SCAF_4	38210759	38710799	ChrZ	40000109	40236646	z=923
SCAF_4	38326016	38646682	ChrZ	40019924	40198307	z=924
SCAF_4	38316172	38588769	ChrZ	40029831	40207053	z=925
SCAF_4	46136387	46322107	ChrZ	45744293	45884639	z=926
SCAF_4	46136387	46334748	ChrZ	45744293	45897331	z=927
SCAF_4	46136387	46347380	ChrZ	45744293	45910034	z=928
SCAF_4	46136387	46360021	ChrZ	45744293	45922746	z=929
SCAF_4	46136387	46372663	ChrZ	45744293	45935450	z=930
SCAF_4	46136387	46385305	ChrZ	45744293	45948181	z=931
SCAF_4	46136387	46397947	ChrZ	45744293	45960893	z=932
SCAF_4	46136363	46410580	ChrZ	45744293	45973620	z=933
SCAF_4	46136866	46422300	ChrZ	45745185	45985822	z=934
SCAF_4	46149518	46422300	ChrZ	45757871	45985833	z=935
SCAF_4	46185026	46422300	ChrZ	45770559	45985822	z=936
SCAF_4	46197682	46422300	ChrZ	45783271	45985822	z=937
SCAF_4	46233185	46422300	ChrZ	45795963	45985822	z=938
SCAF_4	46245820	46422300	ChrZ	45808627	45985833	z=939
SCAF_4	46258471	46422300	ChrZ	45821303	45985833	z=940
SCAF_4	46271112	46422300	ChrZ	45833963	45985833	z=941
SCAF_4	46283853	46422300	ChrZ	45846664	45985833	z=942
SCAF_4	73225977	73457697	ChrZ	69384640	69607704	z=943
SCAF_4	77115990	77290639	ChrZ_unloc_scaf_1	14	116176	z=944
SCAF_4	58418522	58561706	ChrZ_unloc_scaf_1	14	143259	z=945
SCAF_4	77143388	77329571	ChrZ_unloc_scaf_1	15553	143273	z=946
SCAF_4	58454832	58569919	ChrZ_unloc_scaf_1	28134	143259	z=947
SCAF_4	58319118	58452622	ChrZ_unloc_scaf_1	32	133796	z=948
SCAF_4	58231614	58434467	ChrZ_unloc_scaf_1	32	135955	z=949
SCAF_4	58364072	58507121	ChrZ_unloc_scaf_1	32	143259	z=950
SCAF_4	58382218	58525293	ChrZ_unloc_scaf_1	32	143259	z=951
SCAF_4	58400373	58543461	ChrZ_unloc_scaf_1	32	143259	z=952
SCAF_4	77115990	77216542	ChrZ_unloc_scaf_1	33722	134346	z=953
SCAF_4	77161547	77329571	ChrZ_unloc_scaf_1	33731	143273	z=954
SCAF_4	77569903	77836199	ChrZ_unloc_scaf_1	3854111	4032454	z=955
SCAF_4	78629474	78897202	ChrZ_unloc_scaf_1	3854111	4041893	z=956
SCAF_4	58416343	58600199	ChrZ_unloc_scaf_1	3859222	4041936	z=957
SCAF_4	77115990	77207661	ChrZ_unloc_scaf_1	3893046	3994474	z=958
SCAF_4	58231614	58410115	ChrZ_unloc_scaf_1	3893046	4014281	z=959
SCAF_4	77008770	77153120	ChrZ_unloc_scaf_1	3893046	4026713	z=960
SCAF_4	58319118	58446425	ChrZ_unloc_scaf_1	3893046	4030295	z=961
SCAF_4	58231614	58428270	ChrZ_unloc_scaf_1	3893046	4032454	z=962
SCAF_4	78572649	78790581	ChrZ_unloc_scaf_1	3893046	4041893	z=963
SCAF_4	58325604	58464580	ChrZ_unloc_scaf_1	3893046	4041936	z=964
SCAF_4	58343747	58482748	ChrZ_unloc_scaf_1	3893046	4041936	z=965
SCAF_4	58361893	58500916	ChrZ_unloc_scaf_1	3893046	4041936	z=966
SCAF_4	58380039	58519088	ChrZ_unloc_scaf_1	3893046	4041936	z=967
SCAF_4	58398194	58537260	ChrZ_unloc_scaf_1	3893046	4041936	z=968
SCAF_4	77011726	77189483	ChrZ_unloc_scaf_1	3893046	4041936	z=969
SCAF_4	77029917	77284373	ChrZ_unloc_scaf_1	3893046	4041936	z=970
SCAF_4	77123077	77302535	ChrZ_unloc_scaf_1	3893046	4041936	z=971
SCAF_4	77272452	77626474	ChrZ_unloc_scaf_1	3893046	4041936	z=972
SCAF_4	58434498	58569919	ChrZ_unloc_scaf_1	3896741	4041936	z=973
SCAF_4	77141236	77329571	ChrZ_unloc_scaf_1	3902337	4041936	z=974
SCAF_4	78645384	78824720	ChrZ_unloc_scaf_1	3920955	4041893	z=975
SCAF_4	58452653	58569919	ChrZ_unloc_scaf_1	3924663	4041936	z=976
SCAF_4	77048110	77216542	ChrZ_unloc_scaf_1	3930249	4041936	z=977
SCAF_4	77159395	77329571	ChrZ_unloc_scaf_1	3930258	4041936	z=978
SCAF_4	58470812	58569919	ChrZ_unloc_scaf_1	3942832	4041936	z=979
SCAF_4	58231614	58416304	ChrZ_unloc_scaf_1	40	117785	z=980
SCAF_4	58327783	58470773	ChrZ_unloc_scaf_1	40	143259	z=981
SCAF_4	58472991	58569919	ChrZ_unloc_scaf_1	46299	143259	z=982
SCAF_4	58436677	58569919	ChrZ_unloc_scaf_1	9957	143259	z=983
SCAF_4	39268067	39420836	ChrZ_unloc_scaf_2	1252613	1372968	z=984
SCAF_4	39251600	39455458	ChrZ_unloc_scaf_2	1252613	1387587	z=985
SCAF_4	39236944	39455458	ChrZ_unloc_scaf_2	1252613	1402507	z=986
SCAF_4	39217457	39455458	ChrZ_unloc_scaf_2	1252613	1417204	z=987
SCAF_4	39200964	39455458	ChrZ_unloc_scaf_2	1252613	1431894	z=988
SCAF_4	39174365	39455458	ChrZ_unloc_scaf_2	1252613	1446020	z=989
SCAF_4	39155457	39455458	ChrZ_unloc_scaf_2	1252613	1461409	z=990
SCAF_4	39136270	39455458	ChrZ_unloc_scaf_2	1252613	1476692	z=991
SCAF_4	39104019	39365238	ChrZ_unloc_scaf_2	1252613	1497921	z=992
SCAF_4	39120182	39455458	ChrZ_unloc_scaf_2	1252613	1497921	z=993
SCAF_4	39054970	39324321	ChrZ_unloc_scaf_2	1252613	1517776	z=994
SCAF_4	39072955	39340104	ChrZ_unloc_scaf_2	1252613	1517776	z=995
SCAF_4	39088266	39356757	ChrZ_unloc_scaf_2	1252613	1517776	z=996
SCAF_4	39054970	39292745	ChrZ_unloc_scaf_2	1267056	1517776	z=997
SCAF_4	39054970	39276928	ChrZ_unloc_scaf_2	1281533	1517776	z=998
SCAF_4	39054970	39260459	ChrZ_unloc_scaf_2	1296525	1517776	z=999
SCAF_4	39054970	39226382	ChrZ_unloc_scaf_2	1326977	1517873	z=1000
SCAF_4	39054970	39209826	ChrZ_unloc_scaf_2	1347736	1517776	z=1001
SCAF_4	37227648	37394859	ChrZ_unloc_scaf_2	1372974	1518041	z=1002
SCAF_4	37246774	37394859	ChrZ_unloc_scaf_2	1387593	1517766	z=1003
SCAF_4	37266525	37394859	ChrZ_unloc_scaf_2	1402513	1517766	z=1004
SCAF_4	37286733	37394859	ChrZ_unloc_scaf_2	1417210	1517766	z=1005
SCAF_4	74609312	74658659	ChrZ_unloc_scaf_3	217353	273313	z=1006
SCAF_4	73917368	73935712	ChrZ_unloc_scaf_3	235034	253268	z=1007
SCAF_4	76320254	76595947	ChrZ_unloc_scaf_3	535319	863904	z=1008
SCAF_4	74144879	74167291	ChrZ_unloc_scaf_3	551372	573369	z=1009
SCAF_4	74123499	74166545	ChrZ_unloc_scaf_3	551372	593331	z=1010
SCAF_4	74105052	74145418	ChrZ_unloc_scaf_3	554802	593331	z=1011
SCAF_4	76262592	76525240	ChrZ_unloc_scaf_3	574036	860237	z=1012
SCAF_4	70660102	70760149	ChrZ_unloc_scaf_3	6	101603	z=1013
SCAF_4	76289786	76619229	ChrZ_unloc_scaf_3	6	364348	z=1014
SCAF_4	74609312	74658659	ChrZ_unloc_scaf_3	683179	748676	z=1015
SCAF_4	73910527	73935712	ChrZ_unloc_scaf_3	705791	730997	z=1016
SCAF_4	58853881	58897031	ChrZ_unloc_scaf_3	836573	869416	z=1017
SCAF_4	74974734	75390744	ChrZ_unloc_scaf_3	839069	1030743	z=1018
SCAF_4	75604861	76026008	ChrZ_unloc_scaf_3	839069	1030743	z=1019
SCAF_4	74693842	75057097	ChrZ_unloc_scaf_3	839069	999290	z=1020
SCAF_4	58739463	58837171	ChrZ_unloc_scaf_3	849546	1030743	z=1021
SCAF_4	77084761	77387517	ChrZ_unloc_scaf_3	855056	1030743	z=1022
SCAF_4	77232408	77454931	ChrZ_unloc_scaf_3	855056	1030743	z=1023
SCAF_4	78591135	78730417	ChrZ_unloc_scaf_3	855056	956424	z=1024
SCAF_4	77345502	77513666	ChrZ_unloc_scaf_3	855072	1030743	z=1025
SCAF_4	77412935	77579994	ChrZ_unloc_scaf_3	855072	1030743	z=1026
SCAF_4	77539845	77749960	ChrZ_unloc_scaf_3	855072	1030743	z=1027
SCAF_4	77707881	77776190	ChrZ_unloc_scaf_3	855072	917956	z=1028
SCAF_4	78704431	78795602	ChrZ_unloc_scaf_3	855072	927666	z=1029
SCAF_4	77471650	77565866	ChrZ_unloc_scaf_3	855072	956424	z=1030
SCAF_4	77634278	77733953	ChrZ_unloc_scaf_3	855072	956424	z=1031
SCAF_4	78539727	78746401	ChrZ_unloc_scaf_3	863061	1030743	z=1032
SCAF_4	58216085	58249426	ChrZ_unloc_scaf_3	875269	911675	z=1033
SCAF_4	78499390	78631257	ChrZ_unloc_scaf_3	890122	1030743	z=1034
SCAF_4	58335067	58360619	ChrZ_unloc_scaf_3	890122	927641	z=1035
SCAF_4	58353210	58378765	ChrZ_unloc_scaf_3	890122	927641	z=1036
SCAF_4	58371356	58396920	ChrZ_unloc_scaf_3	890122	927641	z=1037
SCAF_4	58480293	58505870	ChrZ_unloc_scaf_3	890122	927641	z=1038
SCAF_4	58498461	58524042	ChrZ_unloc_scaf_3	890122	927641	z=1039
SCAF_4	58389556	58415069	ChrZ_unloc_scaf_3	890165	927641	z=1040
SCAF_4	58407705	58433224	ChrZ_unloc_scaf_3	890165	927641	z=1041
SCAF_4	58425860	58451379	ChrZ_unloc_scaf_3	890165	927641	z=1042
SCAF_4	58444015	58469534	ChrZ_unloc_scaf_3	890165	927641	z=1043
SCAF_4	58462170	58487702	ChrZ_unloc_scaf_3	890165	927641	z=1044
SCAF_4	58516678	58542214	ChrZ_unloc_scaf_3	890165	927641	z=1045
SCAF_4	58534850	58560381	ChrZ_unloc_scaf_3	890165	927641	z=1046
SCAF_4	77021247	77046856	ChrZ_unloc_scaf_3	890165	927666	z=1047
SCAF_4	76812861	76865406	ChrZ_unloc_scaf_3	890165	943448	z=1048
SCAF_4	77792462	77842105	ChrZ_unloc_scaf_3	913639	956424	z=1049
SCAF_4	78859342	78903108	ChrZ_unloc_scaf_3	913639	956424	z=1050
SCAF_4	58753663	58772592	ChrZ_unloc_scaf_3	937360	956265	z=1051
SCAF_4	73618365	74113080	ChrZ_unloc_scaf_3	95734	541082	z=1052
SCAF_4	75943662	76026008	ChrZ_unloc_scaf_3	970521	1030743	z=1053
SCAF_4	77786229	77818413	ChrZ_unloc_scaf_3	986530	1022879	z=1054
SCAF_4	78853109	78878015	ChrZ_unloc_scaf_3	993625	1022879	z=1055
